Marcos Paulo;marcos_barker@hotmmail.com;24999651320
Ana Paula;paula@paula.com;2456897125
Lucas Loureiro;lucas@lucas.com.br;24999651320
Luiz Tomas;luiz@luiz.com.br;5436543435
Marcos Paulo;marcos_barker@hotmmail.com;24999651320
Marcos Paulo;marcos_barker@hotmmail.com;24999651320
Passo Largo;passo@largo.com.br;24999651320
Passo Largo;passo@largo.com.br;24999651320
Marcos Paulo;marcos_barker@hotmmail.com;24999651320
Marcos Paulo;marcos_barker@hotmmail.com;24999651320
Marcos Paulo;marcos_barker@hotmmail.com;24999651320
Marcos Paulo;marcos_barker@hotmmail.com;24999651320
Marcos Paulo;marcos_barker@hotmmail.com;24999651320
Marcos Paulo;marcos_barker@hotmmail.com;24999651320
Passo Largo;passo@largo.com.br;24999651320
Passo Largo;passo@largo.com.br;24999651320
Passo Largo;passo@largo.com.br;24999651320
Marcos Paulo;marcos_barker@hotmmail.com;24999651320
Passo Largo;passo@largo.com.br;24999651320
